stadium_id,stadium_name,surface,surface_raw,source_url,wikipedia_url,transfermarkt_url,notes
989,18 June Stadium,,,,,https://www.transfermarkt.com/kf-dukagjini/stadion/verein/46887,
644,A. Le Coq Arena,,,,https://en.wikipedia.org/wiki/A._Le_Coq_Arena,https://www.transfermarkt.com/fc-flora-tallinn/stadion/verein/1002/saison_id/2025,
312,AFAS Stadion,,,,https://en.wikipedia.org/wiki/AFAS_Stadion,https://www.transfermarkt.com/az-alkmaar/stadion/verein/1090,
914,AFAS Trainingscomplex,,,,,https://www.transfermarkt.com/az-alkmaar-ii/stadion/verein/11368,
485,AIL Arena,,,,https://en.wikipedia.org/wiki/Cornaredo_Stadium,https://www.transfermarkt.com/fc-lugano/stadion/verein/2790,
982,Abovyan City Stadium,,,,https://en.wikipedia.org/wiki/Vahagn_Tumasyan_Stadium,https://www.transfermarkt.com/fc-noah-erewan/stadion/verein/60368,
334,Achter de Kazerne,,,,https://en.wikipedia.org/wiki/Achter_de_Kazerne,https://www.transfermarkt.com/kv-mechelen/stadion/verein/354,
856,Adjarabet Arena,,,,https://en.wikipedia.org/wiki/Adjarabet_Arena,https://www.transfermarkt.com/dinamo-batumi/stadion/verein/11344,
825,Ak Bars Arena,,,,https://en.wikipedia.org/wiki/Ak_Bars_Arena,https://www.transfermarkt.com/rubin-kazan/stadion/verein/2698,
813,Akhmat Arena,,,,https://en.wikipedia.org/wiki/Akhmat-Arena,https://www.transfermarkt.com/akhmat-grozny/stadion/verein/3725,
93,Alberto De Cristofaro,,,,,https://www.transfermarkt.com/fc-giugliano-1928/stadion/verein/9818/saison_id/2025,
109,AlbinoLeffe Stadium,,,,https://it.wikipedia.org/wiki/AlbinoLeffe_Stadium,https://www.transfermarkt.com/uc-albinoleffe/stadion/verein/4541/saison_id/2025,
439,Alfonso Murube,,,,https://en.wikipedia.org/wiki/Estadio_Alfonso_Murube,https://www.transfermarkt.com/ad-ceuta/stadion/verein/8568,
385,Allianz-Stadion,,,,https://en.wikipedia.org/wiki/Allianz_Stadion,https://www.transfermarkt.com/sk-rapid-wien/stadion/verein/170,
369,Andrův stadion,,,,https://en.wikipedia.org/wiki/Andr%C5%AFv_stadion,https://www.transfermarkt.com/sk-sigma-olomouc/stadion/verein/2311,
1058,Ankara Aktepe Stadium,,,,https://en.wikipedia.org/wiki/Ankara_Aktepe_Stadium,https://www.transfermarkt.com/ankara-keciorengucu/stadion/verein/12388/saison_id/2025,
238,Anoeta,,,,https://en.wikipedia.org/wiki/Reale_Arena,https://www.transfermarkt.com/real-sociedad-de-futbol/stadion/verein/681,
817,Anzhi Arena,,,,https://en.wikipedia.org/wiki/Anzhi_Arena,https://www.transfermarkt.com/fk-makhachkala/stadion/verein/75231,
811,ArcelorMittal Park,,,,,https://www.transfermarkt.com/wieczysta-krakow/stadion/verein/30974,
219,Arena Zabrze,,,,https://en.wikipedia.org/wiki/Ernest_Pohl_Stadium,https://www.transfermarkt.com/gornik-zabrze/stadion/verein/428,
841,Atlant Stadium,,,,https://en.wikipedia.org/wiki/Atlant_Stadium,https://www.transfermarkt.com/naftan-novopolotsk/stadion/verein/8563,
873,Audi Sportpark,,,,https://en.wikipedia.org/wiki/Audi_Sportpark,https://www.transfermarkt.com/fc-ingolstadt-04/stadion/verein/4795,
780,Aviva Stadium,,,,https://en.wikipedia.org/wiki/Aviva_Stadium,,
885,BRITA-Arena,,,,https://en.wikipedia.org/wiki/Brita-Arena,https://www.transfermarkt.com/sv-wehen-wiesbaden/stadion/verein/108,
388,BWT X Oberösterreichische Arena,,,,https://en.wikipedia.org/wiki/Keine_Sorgen_Arena,https://www.transfermarkt.com/sv-ried/stadion/verein/266,
440,Bahrain Victorious Nuevo Arcángel,,,,https://en.wikipedia.org/wiki/Estadio_Nuevo_Arc%C3%A1ngel,https://www.transfermarkt.com/cordoba-cf/stadion/verein/993,
987,Bajram Aliu Stadium,,,,https://en.wikipedia.org/wiki/Bajram_Aliu_Stadium,https://www.transfermarkt.com/kf-drenica/stadion/verein/19697,
792,Baku Olympic Stadium,,,,https://en.wikipedia.org/wiki/Baku_Olympic_Stadium,,
1024,Ballymena Showgrounds,,,,https://en.wikipedia.org/wiki/Ballymena_Showgrounds,https://www.transfermarkt.com/ballymena-united/stadion/verein/15244/saison_id/2025,
850,Bank Respublika Arena,,,,https://en.wikipedia.org/wiki/Bank_Respublika_Arena,https://www.transfermarkt.com/sabah-fk/stadion/verein/63993,
305,Başakşehir Fatih Terim,,,,https://en.wikipedia.org/wiki/Ba%C5%9Fak%C5%9Fehir_Fatih_Terim_Stadium,https://www.transfermarkt.com/istanbul-basaksehir-fk/stadion/verein/6890,
924,Benfica Campus,,,,https://en.wikipedia.org/wiki/Benfica_Campus,https://www.transfermarkt.com/benfica-lissabon-b/stadion/verein/10330,
904,Bingoal Stadion,,,,https://en.wikipedia.org/wiki/ADO_Den_Haag_Stadium,https://www.transfermarkt.com/ado-den-haag/stadion/verein/1268,
1001,Bloomfield Stadium,,,,https://en.wikipedia.org/wiki/Bloomfield_Stadium,https://www.transfermarkt.com/maccabi-tel-aviv/stadion/verein/119,
570,Bonifika,,,,https://en.wikipedia.org/wiki/Bonifika_Stadium,https://www.transfermarkt.com/fc-koper/stadion/verein/433,
791,Boris Paichadze Dinamo Arena,,,,https://en.wikipedia.org/wiki/Boris_Paichadze_Dinamo_Arena,https://www.transfermarkt.com/dinamo-tbilisi/stadion/verein/663,
830,Borisov Arena,,,,https://en.wikipedia.org/wiki/Borisov_Arena,https://www.transfermarkt.com/bate-borisov/stadion/verein/713,
1010,Bryntirion Park,,,,,https://www.transfermarkt.com/penybont-fc/stadion/verein/62026/saison_id/2025,
936,CTFD PortoGaia,,,,https://en.wikipedia.org/wiki/CTFD_PortoGaia,https://www.transfermarkt.com/fc-porto-b/stadion/verein/10331,
1014,Cae-y-Castell,,,,https://en.wikipedia.org/wiki/Cae-y-Castell,https://www.transfermarkt.com/flint-town-united/stadion/verein/31188/saison_id/2025,
906,Cambuur Stadion,,,,https://en.wikipedia.org/wiki/Cambuur_Stadion,https://www.transfermarkt.com/sc-cambuur-leeuwarden/stadion/verein/133,
941,Campo Municipal de Gobela,,,,https://en.wikipedia.org/wiki/Campo_Municipal_de_Gobela,https://www.transfermarkt.com/arenas-club/stadion/verein/16122,
971,Can Misses,,,,https://en.wikipedia.org/wiki/Estadi_Municipal_de_Can_Misses,https://www.transfermarkt.com/ud-ibiza/stadion/verein/13241,
1016,Cardiff International Sports Campus,,,,https://en.wikipedia.org/wiki/Cardiff_International_Sports_Campus,https://www.transfermarkt.com/cardiff-metropolitan-university-fc/stadion/verein/53152/saison_id/2025,
875,Carl-Benz-Stadion,,,,https://en.wikipedia.org/wiki/Carl-Benz-Stadion,https://www.transfermarkt.com/sv-waldhof-mannheim/stadion/verein/85,
111,Carlo Speroni,,,,https://it.wikipedia.org/wiki/Stadio_Carlo_Speroni,https://www.transfermarkt.com/aurora-pro-patria/stadion/verein/4146/saison_id/2025,
433,Carlos Belmonte,,,,https://en.wikipedia.org/wiki/Estadio_Carlos_Belmonte,https://www.transfermarkt.com/albacete-balompie/stadion/verein/1532,
333,Cegeka Arena,,,,https://en.wikipedia.org/wiki/Cegeka_Arena,https://www.transfermarkt.com/krc-genk/stadion/verein/1184,
835,Central Stadium,,,,https://en.wikipedia.org/wiki/Central_Stadium_(Gomel),https://www.transfermarkt.com/fk-gomel/stadion/verein/10694,
1036,Central Stadium,,,,"https://ru.wikipedia.org/wiki/Центральный_(стадион,_Новороссийск)",https://www.transfermarkt.com/chernomorets-novorossijsk/stadion/verein/5287/saison_id/2025,
963,Centro Deportivo Alcalá de Henares,,,,,https://www.transfermarkt.com/atletico-madrid-b/stadion/verein/3679,
985,Charentsavan City Stadium,,,,https://en.wikipedia.org/wiki/Charentsavan_City_Stadium,https://www.transfermarkt.com/fc-van/stadion/verein/74661,
586,Cherry Red Records Stadium,,,,https://en.wikipedia.org/wiki/Plough_Lane,https://www.transfermarkt.com/afc-wimbledon/stadion/verein/3884,
85,Ciro Vigorito,,,,https://en.wikipedia.org/wiki/Stadio_Ciro_Vigorito,https://www.transfermarkt.com/benevento-calcio/stadion/verein/4171/saison_id/2025,
106,Città di Meda - Mino Favini,,,,https://en.wikipedia.org/wiki/Stadio_Citt%C3%A0_di_Meda,https://www.transfermarkt.com/ac-renate/stadion/verein/24898/saison_id/2025,
839,City Stadium Dzerzhinsk,,,,,https://www.transfermarkt.com/arsenal-dzerzhinsk/stadion/verein/72822,
965,Ciudad Deportiva Luis del Sol,,,,,https://www.transfermarkt.com/real-betis-sevilla-b/stadion/verein/2865,
1027,Clandeboye Park,,,,https://en.wikipedia.org/wiki/Clandeboye_Park,https://www.transfermarkt.com/bangor-fc/stadion/verein/21531/saison_id/2025,
345,Cluj Arena,,,,https://en.wikipedia.org/wiki/Cluj_Arena,https://www.transfermarkt.com/fc-universitatea-cluj/stadion/verein/6429,
242,Coliseum,,,,https://en.wikipedia.org/wiki/Coliseum_Alfonso_P%C3%A9rez,https://www.transfermarkt.com/getafe-cf/stadion/verein/3709,
181,Complexo Desportivo FC Alverca,,,,https://en.wikipedia.org/wiki/Est%C3%A1dio_Municipal_de_Alverca,https://www.transfermarkt.com/fc-alverca/stadion/verein/2521,
112,Comunale Gino Corioni,,,,https://it.wikipedia.org/wiki/Stadio_Gino_Corioni,https://www.transfermarkt.com/cpr-ospitaletto/stadion/verein/5542/saison_id/2025,
84,Comunale di Caravaggio,,,,,https://www.transfermarkt.com/atalanta-bergamo-weitere/stadion/verein/41110/saison_id/2025,
921,Covebo Stadion - De Koel,,,,https://en.wikipedia.org/wiki/De_Koel,https://www.transfermarkt.com/vvv-venlo/stadion/verein/1426,
110,Dal Molin,,,,https://it.wikipedia.org/wiki/Stadio_Tommaso_Dal_Molin,https://www.transfermarkt.com/arzignano-valchiampo/stadion/verein/46619/saison_id/2025,
843,Dalga Arena,,,,https://en.wikipedia.org/wiki/Dalga_Arena,https://www.transfermarkt.com/araz-naxcivan-nakchivan/stadion/verein/44360,
722,Daugava Stadium,,,,https://en.wikipedia.org/wiki/Daugava_Stadium_(Liep%C4%81ja),https://www.transfermarkt.com/fk-liepaja/stadion/verein/43162/saison_id/2025,
319,De Adelaarshorst,,,,https://en.wikipedia.org/wiki/De_Adelaarshorst,https://www.transfermarkt.com/go-ahead-eagles/stadion/verein/1435,
915,De Herdgang,,,,https://en.wikipedia.org/wiki/De_Herdgang,https://www.transfermarkt.com/psv-eindhoven-ii/stadion/verein/9715,
911,De Oude Meerdijk,,,,https://en.wikipedia.org/wiki/De_Oude_Meerdijk,https://www.transfermarkt.com/fc-emmen/stadion/verein/1283,
405,Deepdale,,,,https://en.wikipedia.org/wiki/Deepdale,https://www.transfermarkt.com/preston-north-end/stadion/verein/466,
1007,Deeside Stadium,,,,https://en.wikipedia.org/wiki/Deeside_Stadium,https://www.transfermarkt.com/connah-s-quay-nomads/stadion/verein/22499/saison_id/2025,
872,Dietmar-Hopp-Stadion,,,,https://en.wikipedia.org/wiki/Dietmar-Hopp-Stadion,https://www.transfermarkt.com/tsg-1899-hoffenheim-ii/stadion/verein/983,
511,"Dimotiko Stadio Tasos Markou""""",,,,https://en.wikipedia.org/wiki/Tasos_Markou_Stadium,https://www.transfermarkt.com/enosis-neon-paralimniou/stadion/verein/840,
831,Dinamo Stadium,,,,https://en.wikipedia.org/wiki/Dinamo_Stadium_(Minsk),https://www.transfermarkt.com/dinamo-minsk/stadion/verein/1180,
996,Doha Stadium,,,,https://en.wikipedia.org/wiki/Doha_Stadium,https://www.transfermarkt.com/ihud-bnei-sachnin/stadion/verein/4769,
95,Domenico Francioni,,,,https://en.wikipedia.org/wiki/Stadio_Domenico_Francioni,https://www.transfermarkt.com/latina-calcio-1932/stadion/verein/22045/saison_id/2025,
97,Domenico Monterisi,,,,,https://www.transfermarkt.com/audace-cerignola/stadion/verein/22249/saison_id/2025,
100,Donato Curcio,,,,,https://www.transfermarkt.com/az-picerno/stadion/verein/49430/saison_id/2025,
883,Donaustadion,,,,https://en.wikipedia.org/wiki/Donaustadion,https://www.transfermarkt.com/ssv-ulm-1846/stadion/verein/69,
350,Dr. Constantin Rădulescu,,,,https://en.wikipedia.org/wiki/Cluj_Arena,https://www.transfermarkt.com/cfr-cluj/stadion/verein/7769,
65,Druso,,,,https://en.wikipedia.org/wiki/Stadio_Druso,https://www.transfermarkt.com/fc-sudtirol/stadion/verein/4554/saison_id/2025,
1046,Eduard Streltsov Stadium,,,,https://en.wikipedia.org/wiki/Eduard_Streltsov_Stadium,https://www.transfermarkt.com/torpedo-moscow/stadion/verein/1186/saison_id/2025,
871,Eilenriedestadion,,,,https://en.wikipedia.org/wiki/Eilenriedestadion,https://www.transfermarkt.com/tsv-havelse/stadion/verein/476,
445,El Alcoraz,,,,https://en.wikipedia.org/wiki/Estadio_El_Alcoraz,https://www.transfermarkt.com/sd-huesca/stadion/verein/5358,
962,El Maulí,,,,,https://www.transfermarkt.com/antequera-cf/stadion/verein/16022,
964,El Palmar,,,,,https://www.transfermarkt.com/atletico-sanluqueno/stadion/verein/21322,
972,El Pozuelo,,,,,https://www.transfermarkt.com/juventud-torremolinos-cf/stadion/verein/43454,
956,El Prado,,,,,https://www.transfermarkt.com/cf-talavera-de-la-reina/stadion/verein/47421,
450,El Sardinero,,,,https://en.wikipedia.org/wiki/Campos_de_Sport_de_El_Sardinero,https://www.transfermarkt.com/racing-santander/stadion/verein/630,
466,Energi Viborg Arena,,,,https://en.wikipedia.org/wiki/Viborg_Stadium,https://www.transfermarkt.com/viborg-ff/stadion/verein/1063,
67,Enrico Sannazzari,,,,https://en.wikipedia.org/wiki/Stadio_Comunale_(Chiavari),https://www.transfermarkt.com/virtus-entella/stadion/verein/20519/saison_id/2025,
303,Eryaman Stadyumu,,,,https://en.wikipedia.org/wiki/Eryaman_Stadium,https://www.transfermarkt.com/genclerbirligi-ankara/stadion/verein/820,
867,Erzgebirgsstadion,,,,https://en.wikipedia.org/wiki/Eins_Erzgebirgsstadion,https://www.transfermarkt.com/fc-erzgebirge-aue/stadion/verein/94,
942,Espiñedo,,,,,https://www.transfermarkt.com/cd-arenteiro/stadion/verein/58946,
955,Estadio Alfredo Di Stéfano,,,,https://en.wikipedia.org/wiki/Alfredo_Di_St%C3%A9fano_Stadium,https://www.transfermarkt.com/real-madrid-b-castilla-/stadion/verein/6767,
948,Estadio Anxo Carro,,,,https://en.wikipedia.org/wiki/Estadio_Anxo_Carro,https://www.transfermarkt.com/cd-lugo/stadion/verein/11000,
966,Estadio Cartagonova,,,,,https://www.transfermarkt.com/fc-cartagena/stadion/verein/7077,
952,Estadio El Toralín,,,,https://en.wikipedia.org/wiki/Estadio_El_Toral%C3%ADn,https://www.transfermarkt.com/sd-ponferradina/stadion/verein/4032,
974,Estadio Enrique Roca,,,,https://en.wikipedia.org/wiki/Estadio_Nueva_Condomina,https://www.transfermarkt.com/real-murcia/stadion/verein/171,
957,Estadio Heliodoro Rodríguez López,,,,https://en.wikipedia.org/wiki/Estadio_Heliodoro_Rodr%C3%ADguez_L%C3%B3pez,https://www.transfermarkt.com/cd-teneriffa/stadion/verein/648,
976,Estadio Jesús Navas,,,,https://en.wikipedia.org/wiki/Ciudad_Deportiva_Jos%C3%A9_Ram%C3%B3n_Cisneros_Palacios,https://www.transfermarkt.com/fc-sevilla-b-atletico-/stadion/verein/8519,
970,Estadio José Rico Pérez,,,,https://en.wikipedia.org/wiki/Jos%C3%A9_Rico_P%C3%A9rez,https://www.transfermarkt.com/hercules-alicante/stadion/verein/7971,
973,Estadio Municipal de Marbella,,,,,https://www.transfermarkt.com/marbella-fc/stadion/verein/12361,
951,Estadio O Couto,,,,,https://www.transfermarkt.com/fc-ourense/stadion/verein/55398,
947,Estadio Pedro Escartín,,,,https://en.wikipedia.org/wiki/Pedro_Escart%C3%ADn,https://www.transfermarkt.com/cd-guadalajara/stadion/verein/16576,
967,Estadio Pepico Amat,,,,https://en.wikipedia.org/wiki/Nuevo_Pepico_Amat,https://www.transfermarkt.com/cd-eldense/stadion/verein/12567,
946,Estadio Príncipe Felipe,,,,https://en.wikipedia.org/wiki/Estadio_Pr%C3%ADncipe_Felipe,https://www.transfermarkt.com/cp-cacereno/stadion/verein/11602,
958,Estadio Reina Sofía,,,,,https://www.transfermarkt.com/unionistas-cf/stadion/verein/52397,
949,Estadio Romano,,,,https://en.wikipedia.org/wiki/Estadio_Romano,https://www.transfermarkt.com/merida-ad/stadion/verein/46854,
943,Estadio Román Suárez Puerta,,,,https://en.wikipedia.org/wiki/Estadio_Rom%C3%A1n_Su%C3%A1rez_Puerta,https://www.transfermarkt.com/real-aviles-cf/stadion/verein/20844,
959,Estadio Ruta de la Plata,,,,https://en.wikipedia.org/wiki/Estadio_Ruta_de_la_Plata,https://www.transfermarkt.com/fc-zamora/stadion/verein/10907,
960,Estadio Santo Domingo,,,,https://en.wikipedia.org/wiki/Estadio_Municipal_de_Santo_Domingo,https://www.transfermarkt.com/ad-alcorcon/stadion/verein/11596,
954,Estadio da Malata,,,,https://en.wikipedia.org/wiki/Estadio_Municipal_de_A_Malata,https://www.transfermarkt.com/racing-ferrol/stadion/verein/1176,
446,Estadio de Gran Canaria,,,,https://en.wikipedia.org/wiki/Gran_Canaria_Stadium,https://www.transfermarkt.com/ud-las-palmas/stadion/verein/472,
953,Estadio de Pasarón,,,,https://en.wikipedia.org/wiki/Estadio_Municipal_de_Pasar%C3%B3n,https://www.transfermarkt.com/pontevedra-cf/stadion/verein/5650,
937,Estádio Aurélio Pereira,,,,,https://www.transfermarkt.com/sporting-lissabon-b/stadion/verein/10949,
933,Estádio Capital do Móvel,,,,https://en.wikipedia.org/wiki/Est%C3%A1dio_Capital_do_M%C3%B3vel,https://www.transfermarkt.com/fc-pacos-de-ferreira/stadion/verein/2995,
932,Estádio Carlos Osório,,,,https://en.wikipedia.org/wiki/Est%C3%A1dio_Carlos_Os%C3%B3rio,https://www.transfermarkt.com/ud-oliveirense/stadion/verein/8827,
928,Estádio Dr. Machado de Matos,,,,,https://www.transfermarkt.com/fc-felgueiras-1932/stadion/verein/1701,
939,Estádio Dr. Magalhães Pessoa,,,,https://en.wikipedia.org/wiki/Est%C3%A1dio_Dr._Magalh%C3%A3es_Pessoa,https://www.transfermarkt.com/uniao-leiria/stadion/verein/2639,
938,Estádio Manuel Marques,,,,https://en.wikipedia.org/wiki/Est%C3%A1dio_Manuel_Marques,https://www.transfermarkt.com/sc-uniao-torreense/stadion/verein/2432,
927,Estádio Marcolino de Castro,,,,https://en.wikipedia.org/wiki/Est%C3%A1dio_Marcolino_de_Castro,https://www.transfermarkt.com/cd-feirense/stadion/verein/3349,
934,Estádio Municipal 25 de Abril,,,,https://en.wikipedia.org/wiki/Est%C3%A1dio_Municipal_25_de_Abril,https://www.transfermarkt.com/fc-penafiel/stadion/verein/3327,
925,Estádio Municipal de Chaves,,,,https://en.wikipedia.org/wiki/Est%C3%A1dio_Municipal_Eng._Manuel_Branco_Teixeira,https://www.transfermarkt.com/gd-chaves/stadion/verein/3325,
935,Estádio Municipal de Portimão,,,,https://en.wikipedia.org/wiki/Est%C3%A1dio_Municipal_de_Portim%C3%A3o,https://www.transfermarkt.com/portimonense-sc/stadion/verein/7378,
926,Estádio de São Luís,,,,https://en.wikipedia.org/wiki/Est%C3%A1dio_de_S%C3%A3o_Lu%C3%ADs,https://www.transfermarkt.com/sc-farense/stadion/verein/4294,
940,Estádio do FC Vizela,,,,,https://www.transfermarkt.com/fc-vizela/stadion/verein/6912,
923,Estádio do Fontelo,,,,https://en.wikipedia.org/wiki/Est%C3%A1dio_do_Fontelo,https://www.transfermarkt.com/academico-viseu-fc/stadion/verein/7788,
930,Estádio do Lusitânia de Lourosa,,,,,https://www.transfermarkt.com/lusitania-fc-lourosa/stadion/verein/8189,
929,Estádio do Mar,,,,https://en.wikipedia.org/wiki/Est%C3%A1dio_do_Mar,https://www.transfermarkt.com/leixoes-sc/stadion/verein/3345,
931,Estádio do Marítimo,,,,https://en.wikipedia.org/wiki/Est%C3%A1dio_do_Mar%C3%ADtimo,https://www.transfermarkt.com/cs-maritimo/stadion/verein/1301,
83,Ettore Mannucci,,,,https://en.wikipedia.org/wiki/Stadio_Ettore_Mannucci,https://www.transfermarkt.com/us-citta-di-pontedera/stadion/verein/14888/saison_id/2025,
314,Euroborg,,,,https://en.wikipedia.org/wiki/Euroborg,https://www.transfermarkt.com/fc-groningen/stadion/verein/202,
392,Ewood Park,,,,https://en.wikipedia.org/wiki/Ewood_Park,https://www.transfermarkt.com/blackburn-rovers/stadion/verein/164,
837,FC Minsk Stadium,,,,https://en.wikipedia.org/wiki/FC_Minsk_Stadium,https://www.transfermarkt.com/isloch-minskiy-rayon/stadion/verein/36755,
993,Fadil Vokrri Stadium,,,,https://en.wikipedia.org/wiki/Fadil_Vokrri_Stadium,https://www.transfermarkt.com/fc-prishtina/stadion/verein/1918,
860,Fazisi Stadium,,,,https://en.wikipedia.org/wiki/Fazisi_Stadium,https://www.transfermarkt.com/fc-kolkheti-1913-poti/stadion/verein/28971,
261,Finnvedsvallen,,,,https://en.wikipedia.org/wiki/Finnvedsvallen,https://www.transfermarkt.com/ifk-varnamo/stadion/verein/3622,
291,Fir Park,,,,https://en.wikipedia.org/wiki/Fir_Park,https://www.transfermarkt.com/motherwell-fc/stadion/verein/987,
826,Fisht Olympic Stadium,,,,https://en.wikipedia.org/wiki/Fisht_Olympic_Stadium,https://www.transfermarkt.com/fk-sochi/stadion/verein/41231,
365,Fortuna Arena,,,,https://en.wikipedia.org/wiki/Fortuna_Arena,https://www.transfermarkt.com/sk-slavia-prague/stadion/verein/62,
318,Fortuna Sittard Stadion,,,,https://en.wikipedia.org/wiki/Fortuna_Sittard_Stadion,https://www.transfermarkt.com/fortuna-sittard/stadion/verein/385,
919,Frans Heesen Stadion,,,,https://en.wikipedia.org/wiki/Frans_Heesen_Stadion,https://www.transfermarkt.com/top-oss/stadion/verein/1228,
269,Fredrikstad Stadion,,,,https://en.wikipedia.org/wiki/Fredrikstad_Stadion,https://www.transfermarkt.com/fredrikstad-fk/stadion/verein/3837,
912,GS Staalwerken Stadion,,,,https://en.wikipedia.org/wiki/GS_Staalwerken_Stadion,https://www.transfermarkt.com/helmond-sport/stadion/verein/500,
844,Gabala City Stadium,,,,https://en.wikipedia.org/wiki/Gabala_City_Stadium,https://www.transfermarkt.com/fk-qabala/stadion/verein/22010,
256,Gamla Ullevi,,,,https://en.wikipedia.org/wiki/Gamla_Ullevi,https://www.transfermarkt.com/ifk-goteborg/stadion/verein/801,
981,Gandzasar Stadium,,,,https://en.wikipedia.org/wiki/Kapan_Stadium,https://www.transfermarkt.com/gandzasar-kapan/stadion/verein/23911,
846,Ganja City Stadium,,,,https://en.wikipedia.org/wiki/Ganja_City_Stadium,https://www.transfermarkt.com/kapaz-pfk/stadion/verein/7090,
660,Gargždai Stadium,,,,https://en.wikipedia.org/wiki/Garg%C5%BEdai_Stadium,https://www.transfermarkt.com/fk-banga-gargzdai/stadion/verein/23559/saison_id/2025,
107,Gavagnin-Nocini,,,,https://en.wikipedia.org/wiki/Stadio_Gavagnin_Nocini,https://www.transfermarkt.com/virtusvecomp-verona/stadion/verein/29251/saison_id/2025,
822,Gazovik,,,,https://en.wikipedia.org/wiki/Gazovik_Stadium_(Orenburg),https://www.transfermarkt.com/fk-orenburg/stadion/verein/14589,
828,Gazprom Arena,,,,https://en.wikipedia.org/wiki/Krestovsky_Stadium,https://www.transfermarkt.com/zenit-st-petersburg/stadion/verein/964,
920,GelreDome,,,,https://en.wikipedia.org/wiki/GelreDome,https://www.transfermarkt.com/vitesse-arnheim/stadion/verein/499,
480,Gipedo Neapolis,,,,https://en.wikipedia.org/wiki/A.E._Kifisia_F.C.,https://www.transfermarkt.com/ae-kifisias/stadion/verein/30120,
475,Gipedo Panetolikou,,,,https://en.wikipedia.org/wiki/Panetolikos_Stadium,https://www.transfermarkt.com/panetolikos-gfs/stadion/verein/6418,
125,Giuseppe Sivori,,,,https://en.wikipedia.org/wiki/Stadio_Attilio_Bravi,https://www.transfermarkt.com/ac-bra/stadion/verein/38322/saison_id/2025,
113,Giuseppe Voltini,,,,https://it.wikipedia.org/wiki/Stadio_Giuseppe_Voltini,https://www.transfermarkt.com/us-pergolettese-1932/stadion/verein/4553/saison_id/2025,
862,Givi Chokheli Stadium,,,,https://en.wikipedia.org/wiki/Municipal_Stadium_(Telavi),https://www.transfermarkt.com/fc-telavi/stadion/verein/41310,
988,Gjilan City Stadium,,,,https://en.wikipedia.org/wiki/Gjilan_City_Stadium,https://www.transfermarkt.com/sc-gjilani/stadion/verein/29053,
322,Goffertstadion,,,,https://en.wikipedia.org/wiki/Goffertstadion,https://www.transfermarkt.com/nec-nijmegen/stadion/verein/467,
501,Gradski Stadion u Borovu naselju,,,,https://en.wikipedia.org/wiki/Stadion_HNK_Cibalia,https://www.transfermarkt.com/hnk-vukovar-1991/stadion/verein/456,
641,Gradski stadion (Prijedor),,,,https://en.wikipedia.org/wiki/Gradski_stadion_(Prijedor),https://www.transfermarkt.com/fk-rudar-prijedor/stadion/verein/24197/saison_id/2025,
538,Gradski stadion Surdulica,,,,https://en.wikipedia.org/wiki/Surdulica_City_Stadium,https://www.transfermarkt.com/fk-radnik-surdulica/stadion/verein/33328,
1003,Green Stadium,,,,"https://en.wikipedia.org/wiki/Green_Stadium,_Nof_HaGalil",https://www.transfermarkt.com/maccabi-bnei-reineh/stadion/verein/70178,
726,Grobiņas Stadion,,,,https://en.wikipedia.org/wiki/FK_Grobi%C5%86a,https://www.transfermarkt.com/grobinas-sc/stadion/verein/40880/saison_id/2025,
810,Grzegorz Lato Stadium,,,,https://en.wikipedia.org/wiki/Stadion_Stali_Mielec,https://www.transfermarkt.com/stal-mielec/stadion/verein/22431,
876,Grünwalder Stadion,,,,https://en.wikipedia.org/wiki/Gr%C3%BCnwalder_Stadion,https://www.transfermarkt.com/tsv-1860-munchen/stadion/verein/72,
983,Gyumri City Stadium,,,,https://en.wikipedia.org/wiki/Gyumri_City_Stadium,https://www.transfermarkt.com/fc-shirak-gyumri/stadion/verein/4807,
800,Górnik Łęczna Stadium,,,,,https://www.transfermarkt.com/gornik-leczna/stadion/verein/3291,
741,HS Orku völlurinn,,,,https://en.wikipedia.org/wiki/Keflav%C3%ADkurv%C3%B6llur,https://www.transfermarkt.com/keflavik-if/stadion/verein/8037/saison_id/2025,
1000,HaMoshava Stadium,,,,https://en.wikipedia.org/wiki/HaMoshava_Stadium,https://www.transfermarkt.com/hapoel-petah-tikva/stadion/verein/262,
779,Hampden Park,,,,https://en.wikipedia.org/wiki/Hampden_Park,,
335,Het Kuipje,,,,https://en.wikipedia.org/wiki/Het_Kuipje,https://www.transfermarkt.com/kvc-westerlo/stadion/verein/968,
865,Heydar Aliyev Stadium,,,,https://en.wikipedia.org/wiki/Heydar_Aliyev_Stadium,https://www.transfermarkt.com/imishli/stadion/verein/103512,
628,Hietalahti Stadium,,,,https://en.wikipedia.org/wiki/Hietalahti_Stadium,https://www.transfermarkt.com/vaasan-palloseura/stadion/verein/1102/saison_id/2025,
208,Hill Dickinson Stadium,,,,https://en.wikipedia.org/wiki/Hill_Dickinson_Stadium,https://www.transfermarkt.com/fc-everton/stadion/verein/29,
408,Hillsborough,,,,https://en.wikipedia.org/wiki/Hillsborough_Stadium,https://www.transfermarkt.com/sheffield-wednesday/stadion/verein/1035,
427,Holstein-Stadion,,,,https://en.wikipedia.org/wiki/Holstein-Stadion,https://www.transfermarkt.com/holstein-kiel/stadion/verein/269,
454,Ibercaja Estadio,,,,https://en.wikipedia.org/wiki/Ibercaja_Stadium,https://www.transfermarkt.com/real-saragossa/stadion/verein/142,
845,Imishli City Stadium,,,,,https://www.transfermarkt.com/imishli/stadion/verein/103512,
451,Instalaciones de Zubieta,,,,https://en.wikipedia.org/wiki/Zubieta_Facilities,https://www.transfermarkt.com/real-sociedad-b/stadion/verein/9899,
1021,Inver Park,,,,https://en.wikipedia.org/wiki/Inver_Park,https://www.transfermarkt.com/larne-fc/stadion/verein/3461/saison_id/2025,
443,Ipurua,,,,https://en.wikipedia.org/wiki/Estadio_Municipal_de_Ipurua,https://www.transfermarkt.com/sd-eibar/stadion/verein/1533,
878,Jahnstadion Regensburg,,,,https://en.wikipedia.org/wiki/Jahnstadion_Regensburg,https://www.transfermarkt.com/ssv-jahn-regensburg/stadion/verein/109,
630,Jakobstads Centralplan,,,,https://en.wikipedia.org/wiki/Jakobstads_Centralplan,https://www.transfermarkt.com/ff-jaro/stadion/verein/3650/saison_id/2025,
910,Jan Louwers Stadion,,,,https://en.wikipedia.org/wiki/Jan_Louwers_Stadion,https://www.transfermarkt.com/fc-eindhoven/stadion/verein/3892,
1009,Jenner Park,,,,https://en.wikipedia.org/wiki/Jenner_Park_Stadium,https://www.transfermarkt.com/barry-town-united-fc/stadion/verein/1115/saison_id/2025,
670,KA-Völlur,,,,https://en.wikipedia.org/wiki/KA-V%C3%B6llur,https://www.transfermarkt.com/ka-akureyri/stadion/verein/1839/saison_id/2025,
284,Kilmac Stadium at Dens Park,,,,https://en.wikipedia.org/wiki/Dens_Park,https://www.transfermarkt.com/dundee-fc/stadion/verein/511,
788,King Baudouin Stadium,,,,https://en.wikipedia.org/wiki/King_Baudouin_Stadium,,
523,Kolorcity Aréna,,,,https://en.wikipedia.org/wiki/Kolorcity_Ar%C3%A9na,https://www.transfermarkt.com/kazincbarcikai-sc/stadion/verein/24031,
922,Koning Willem II Stadion,,,,https://en.wikipedia.org/wiki/Koning_Willem_II_Stadion,https://www.transfermarkt.com/willem-ii-tilburg/stadion/verein/403,
807,Konwiktorska Street Stadium,,,,https://en.wikipedia.org/wiki/General_Kazimierz_Sosnkowski_Municipal_Stadium,https://www.transfermarkt.com/polonia-warschau/stadion/verein/2745,
237,La Cartuja,,,,https://en.wikipedia.org/wiki/Estadio_Benito_Villamar%C3%ADn,https://www.transfermarkt.com/real-betis-balompie/stadion/verein/150,
448,La Rosaleda,,,,https://en.wikipedia.org/wiki/La_Rosaleda_Stadium,https://www.transfermarkt.com/malaga-cf/stadion/verein/1084,
740,Lambhagavöllurinn,,,,https://en.wikipedia.org/wiki/Reykjav%C3%ADk,https://www.transfermarkt.com/fram-reykjavik/stadion/verein/3832/saison_id/2025,
944,Lasesarre,,,,,https://www.transfermarkt.com/fc-barakaldo/stadion/verein/3708,
945,Lezama,,,,https://en.wikipedia.org/wiki/Lezama_Facilities,https://www.transfermarkt.com/athletic-bilbao-b/stadion/verein/6688,
992,Liman Gegaj Stadium,,,,,https://www.transfermarkt.com/fc-malisheva/stadion/verein/80996,
840,Lokomotiv Stadium,,,,,https://www.transfermarkt.com/fk-baranovichi/stadion/verein/24009,
368,Lokotrans Arena,,,,https://en.wikipedia.org/wiki/Lokotrans_Ar%C3%A9na,https://www.transfermarkt.com/fk-mlada-boleslav/stadion/verein/5546,
1025,Loughshore Hotel Arena,,,,https://en.wikipedia.org/wiki/Taylors_Avenue,https://www.transfermarkt.com/carrick-rangers/stadion/verein/8714/saison_id/2025,
880,Ludwigsparkstadion,,,,https://en.wikipedia.org/wiki/Ludwigsparkstadion,https://www.transfermarkt.com/1-fc-saarbrucken/stadion/verein/1,
643,Luke Stadium,,,,https://en.wikipedia.org/wiki/Luke_Stadium,https://www.transfermarkt.com/nk-bratstvo-gracanica/stadion/verein/3492,
827,Lukoil Arena,,,,https://en.wikipedia.org/wiki/Lukoil_Arena,https://www.transfermarkt.com/spartak-moscow/stadion/verein/232,
323,MAC³PARK stadion,,,,https://en.wikipedia.org/wiki/MAC3PARK_Stadion,https://www.transfermarkt.com/pec-zwolle/stadion/verein/1269,
421,MERKUR SPIEL-ARENA,,,,https://en.wikipedia.org/wiki/Merkur_Spiel-Arena,https://www.transfermarkt.com/fortuna-dusseldorf/stadion/verein/38,
1012,Maes Tegid,,,,https://en.wikipedia.org/wiki/Maes_Tegid,https://www.transfermarkt.com/bala-town/stadion/verein/27843/saison_id/2025,
1059,Manisa 19 Mayıs Stadium,,,,https://en.wikipedia.org/wiki/Manisa_19_Mayıs_Stadium,https://www.transfermarkt.com/manisa-fk/stadion/verein/48913/saison_id/2025,
250,Manuel Martínez Valero,,,,https://en.wikipedia.org/wiki/Estadio_Manuel_Mart%C3%ADnez_Valero,https://www.transfermarkt.com/elche-cf/stadion/verein/1531,
343,Maurice Dufrasne Stadion,,,,https://en.wikipedia.org/wiki/Stade_Maurice_Dufrasne,https://www.transfermarkt.com/standard-liege/stadion/verein/3057,
852,Mehdi Huseynzade Stadium,,,,https://en.wikipedia.org/wiki/Sumgayit_City_Stadium,https://www.transfermarkt.com/sumqayit-pfk/stadion/verein/36999,
572,Mestni stadion Fazanerija,,,,https://en.wikipedia.org/wiki/Fazanerija_City_Stadium,https://www.transfermarkt.com/ns-mura/stadion/verein/4059,
859,Mikheil Meskhi Stadium,,,,https://en.wikipedia.org/wiki/Mikheil_Meskhi_Stadium,https://www.transfermarkt.com/iberia-1999-tbilisi/stadion/verein/41133,
119,Mimmo Pavone e Alessandro Mariani,,,,https://it.wikipedia.org/wiki/Stadio_Mimmo_Pavone-Alessandro_Mariani,https://www.transfermarkt.com/pineto-calcio/stadion/verein/46337/saison_id/2025,
1023,Mourneview Park,,,,https://en.wikipedia.org/wiki/Mourneview_Park,https://www.transfermarkt.com/glenavon-fc/stadion/verein/3463/saison_id/2025,
977,Municipal de Tarazona,,,,,https://www.transfermarkt.com/sd-tarazona/stadion/verein/41403,
378,Městský fotbalový stadion Miroslava Valenty,,,,https://en.wikipedia.org/wiki/M%C4%9Bstsk%C3%BD_fotbalov%C3%BD_stadion_Miroslava_Valenty,https://www.transfermarkt.com/1-fc-slovacko/stadion/verein/5544,
376,Městský stadion,,,,https://en.wikipedia.org/wiki/M%C4%9Bstsk%C3%BD_stadion_(Karvin%C3%A1),https://www.transfermarkt.com/mfk-karvina/stadion/verein/13726,
367,Městský stadion - Vitkovice Aréna,,,,https://en.wikipedia.org/wiki/M%C4%9Bstsk%C3%BD_stadion_(Ostrava),https://www.transfermarkt.com/fc-banik-ostrava/stadion/verein/377,
666,N1 Völlurinn,,,,https://en.wikipedia.org/wiki/Hl%C3%AD%C3%B0arendi_(stadium),https://www.transfermarkt.com/valur-reykjavik/stadion/verein/1033/saison_id/2025,
848,Neftchi Arena,,,,https://en.wikipedia.org/wiki/Neft%C3%A7i_Arena,https://www.transfermarkt.com/neftchi-baku/stadion/verein/8031,
836,Neman Stadium,,,,https://en.wikipedia.org/wiki/Neman_Stadium,https://www.transfermarkt.com/neman-grodno/stadion/verein/14178,
1002,Netanya Stadium,,,,https://en.wikipedia.org/wiki/Netanya_Stadium,https://www.transfermarkt.com/ironi-kiryat-shmona/stadion/verein/6028,
1004,Netanya Stadium,,,,https://en.wikipedia.org/wiki/Netanya_Stadium,https://www.transfermarkt.com/maccabi-netanya/stadion/verein/5223,
1061,New Sakarya Stadium,,,,https://en.wikipedia.org/wiki/New_Sakarya_Stadium,https://www.transfermarkt.com/sakaryaspor/stadion/verein/2463/saison_id/2025,
1064,New Sivas 4 Eylül Stadium,,,,https://en.wikipedia.org/wiki/New_Sivas_4_Eylül_Stadium,https://www.transfermarkt.com/sivasspor/stadion/verein/2381/saison_id/2025,
866,New Tivoli,,,,https://en.wikipedia.org/wiki/New_Tivoli,https://www.transfermarkt.com/alemannia-aachen/stadion/verein/8,
969,Nou Estadi,,,,https://en.wikipedia.org/wiki/Nou_Estadi_Costa_Daurada,https://www.transfermarkt.com/gimnastic-de-tarragona/stadion/verein/5648,
968,Nou Sardenya,,,,https://en.wikipedia.org/wiki/Nou_Sardenya,https://www.transfermarkt.com/ce-europa/stadion/verein/20528,
898,Nouste Camp,,,,https://en.wikipedia.org/wiki/Stade_du_Hameau,https://www.transfermarkt.com/pau-fc/stadion/verein/3166,
975,Nova Creu Alta,,,,https://en.wikipedia.org/wiki/Estadi_de_la_Nova_Creu_Alta,https://www.transfermarkt.com/ce-sabadell/stadion/verein/11422,
961,Nuevo Mirador,,,,https://en.wikipedia.org/wiki/Estadio_Nuevo_Mirador,https://www.transfermarkt.com/fc-algeciras/stadion/verein/3705,
227,ORLEN Stadion im. Kazimierza Górskiego,,,,https://en.wikipedia.org/wiki/Kazimierz_G%C3%B3rski_Stadium,https://www.transfermarkt.com/wisla-plock/stadion/verein/2118,
832,OSK Brestsky,,,,https://en.wikipedia.org/wiki/Regional_Sport_Complex_Brestsky,https://www.transfermarkt.com/dynamo-brest/stadion/verein/6131,
627,OSiR,,,,https://en.wikipedia.org/wiki/Raatti_Stadium,https://www.transfermarkt.com/ac-oulu/stadion/verein/7008/saison_id/2025,
1017,Old Road Ground,,,,,https://www.transfermarkt.com/briton-ferry-llansawel-afc/stadion/verein/29221/saison_id/2025,
879,Ostseestadion,,,,https://en.wikipedia.org/wiki/Ostseestadion,https://www.transfermarkt.com/fc-hansa-rostock/stadion/verein/30,
819,Ozon Arena,,,,https://en.wikipedia.org/wiki/Krasnodar_Stadium,https://www.transfermarkt.com/fk-krasnodar/stadion/verein/16704,
789,PGE Narodowy,,,,https://en.wikipedia.org/wiki/PGE_Narodowy,,
147,Parc des Princes,,,,https://en.wikipedia.org/wiki/Parc_des_Princes,https://www.transfermarkt.com/fc-paris-saint-germain/stadion/verein/583,
887,Parc des Sports,,,,https://en.wikipedia.org/wiki/Parc_des_Sports_(Annecy),https://www.transfermarkt.com/fc-annecy/stadion/verein/30204,
1006,Park Hall,,,,https://en.wikipedia.org/wiki/Park_Hall_(Oswestry),https://www.transfermarkt.com/the-new-saints/stadion/verein/10734/saison_id/2025,
918,Parkstad Limburg Stadion,,,,https://en.wikipedia.org/wiki/Parkstad_Limburg_Stadion,https://www.transfermarkt.com/roda-jc-kerkrade/stadion/verein/192,
324,Philips Stadion,,,,https://en.wikipedia.org/wiki/Philips_Stadion,https://www.transfermarkt.com/psv-eindhoven/stadion/verein/383,
120,Pietro Barbetti,,,,https://en.wikipedia.org/wiki/Stadio_Pietro_Barbetti,https://www.transfermarkt.com/as-gubbio-1910/stadion/verein/4326/saison_id/2025,
978,Pinilla,,,,,https://www.transfermarkt.com/cd-teruel/stadion/verein/19301,
282,Pittodrie Stadium,,,,https://en.wikipedia.org/wiki/Pittodrie_Stadium,https://www.transfermarkt.com/aberdeen-fc/stadion/verein/370,
493,Poljud,,,,https://en.wikipedia.org/wiki/Stadion_Poljud,https://www.transfermarkt.com/hnk-hajduk-split/stadion/verein/447,
778,Principality Stadium,,,,https://en.wikipedia.org/wiki/Principality_Stadium,,
383,Profertil Arena Hartberg,,,,https://en.wikipedia.org/wiki/Stadion_Hartberg,https://www.transfermarkt.com/tsv-hartberg/stadion/verein/4467,
786,Puskás Aréna,,,,https://en.wikipedia.org/wiki/Pusk%C3%A1s_Ar%C3%A9na,,
651,Pärnu Rannastaadion,,,,https://en.wikipedia.org/wiki/P%C3%A4rnu,https://www.transfermarkt.com/parnu-jk-vaprus/stadion/verein/33579/saison_id/2025,
821,RZD Arena,,,,https://en.wikipedia.org/wiki/Lokomotiv_Stadium_(Moscow),https://www.transfermarkt.com/lokomotiv-moscow/stadion/verein/932,
863,Ramaz Shengelia Stadium,,,,https://en.wikipedia.org/wiki/Ramaz_Shengelia_Stadium,https://www.transfermarkt.com/torpedo-kutaisi/stadion/verein/253,
751,Raudondvario stadionas,,,,https://en.wikipedia.org/wiki/Kaunas,https://www.transfermarkt.com/fc-hegelmann-litauen/stadion/verein/69752/saison_id/2025,
386,Red Bull Arena Salzburg,,,,https://en.wikipedia.org/wiki/Red_Bull_Arena_(Salzburg),https://www.transfermarkt.com/red-bull-salzburg/stadion/verein/409,
441,Reino de León,,,,https://en.wikipedia.org/wiki/Estadio_Reino_de_Le%C3%B3n,https://www.transfermarkt.com/cultural-leonesa/stadion/verein/4542,
790,Republican Stadium (Yerevan),,,,https://en.wikipedia.org/wiki/Vazgen_Sargsyan_Republican_Stadium,https://www.transfermarkt.com/fc-pyunik-yerevan/stadion/verein/10301,
213,RheinEnergieSTADION,,,,https://en.wikipedia.org/wiki/RheinEnergieStadion,https://www.transfermarkt.com/1-fc-koln/stadion/verein/3,
579,Richmond Park,,,,https://en.wikipedia.org/wiki/Richmond_Park_(football_ground),https://www.transfermarkt.com/st-patricks-athletic/stadion/verein/1189,
128,Romeo Menti,,,,https://en.wikipedia.org/wiki/Stadio_Romeo_Menti_(Castellammare_di_Stabia),https://www.transfermarkt.com/ss-juve-stabia/stadion/verein/5587/saison_id/2025,
815,Rostec Arena,,,,https://en.wikipedia.org/wiki/Kaliningrad_Stadium,https://www.transfermarkt.com/baltika-kaliningrad/stadion/verein/2741,
824,Rostov Arena,,,,https://en.wikipedia.org/wiki/Rostov_Arena,https://www.transfermarkt.com/fk-rostov/stadion/verein/1083,
580,Ryan McBride Brandywell Stadium,,,,https://en.wikipedia.org/wiki/Ryan_McBride_Brandywell_Stadium,https://www.transfermarkt.com/derry-city/stadion/verein/920,
536,SC Mladost Pančevo,,,,https://en.wikipedia.org/wiki/SRC_Mladost_Pan%C4%8Devo,https://www.transfermarkt.com/zeleznicar-pancevo/stadion/verein/59358,
532,SRC Mr Radoš Milovanović,,,,https://en.wikipedia.org/wiki/Mladost_Stadium_(Lu%C4%8Dani),https://www.transfermarkt.com/fk-mladost-lucani/stadion/verein/6622,
858,Sagarejo Central Stadium,,,,,https://www.transfermarkt.com/fc-gareji/stadion/verein/61358,
999,Sammy Ofer Stadium,,,,https://en.wikipedia.org/wiki/Sammy_Ofer_Stadium,https://www.transfermarkt.com/maccabi-haifa/stadion/verein/1064,
309,Samsun Yeni 19 Mayıs,,,,https://en.wikipedia.org/wiki/Samsun_19_May%C4%B1s_Stadium,https://www.transfermarkt.com/samsunspor/stadion/verein/152,
667,Samsung völlurinn,,,,https://en.wikipedia.org/wiki/Stj%C3%B6rnuv%C3%B6llur,https://www.transfermarkt.com/stjarnan-gardabaer/stadion/verein/21875/saison_id/2025,
235,San Mamés,,,,https://en.wikipedia.org/wiki/San_Mam%C3%A9s_Stadium,https://www.transfermarkt.com/athletic-bilbao/stadion/verein/621,
123,Sandro Cabassi,,,,https://en.wikipedia.org/wiki/Stadio_Sandro_Cabassi,https://www.transfermarkt.com/ac-carpi/stadion/verein/4102/saison_id/2025,
869,Schauinsland-Reisen-Arena,,,,https://en.wikipedia.org/wiki/MSV-Arena,https://www.transfermarkt.com/msv-duisburg/stadion/verein/52,
387,Schnabelholz,,,,https://en.wikipedia.org/wiki/Stadion_Schnabelholz,https://www.transfermarkt.com/scr-altach/stadion/verein/3551,
416,SchücoArena,,,,https://en.wikipedia.org/wiki/Bielefelder_Alm,https://www.transfermarkt.com/arminiabielefeld/stadion/verein/10,
489,Schützenwiese,,,,https://en.wikipedia.org/wiki/Stadion_Sch%C3%BCtzenwiese,https://www.transfermarkt.com/fc-winterthur/stadion/verein/242,
1020,Seaview,,,,https://en.wikipedia.org/wiki/Seaview_(football_ground),https://www.transfermarkt.com/crusaders-fc/stadion/verein/21532/saison_id/2025,
354,Sepsi Duna Arena,,,,https://en.wikipedia.org/wiki/Sepsi_Arena,https://www.transfermarkt.com/sepsi-osk-sfantu-gheorghe/stadion/verein/54585,
1063,Serik İsmail Oğan Stadium,,,,,https://www.transfermarkt.com/serik-belediyespor/stadion/verein/50845/saison_id/2025,
851,Shamakhi City Stadium,,,,https://en.wikipedia.org/wiki/Shamakhi_City_Stadium,https://www.transfermarkt.com/keshla-fk/stadion/verein/8956,
1026,Shamrock Park,,,,https://en.wikipedia.org/wiki/Shamrock_Park,https://www.transfermarkt.com/portadown-fc/stadion/verein/5594/saison_id/2025,
721,Skonto Stadium,,,,https://en.wikipedia.org/wiki/Skonto_Stadium,https://www.transfermarkt.com/sk-super-nova/stadion/verein/40788/saison_id/2025,
438,SkyFi Castalia,,,,https://en.wikipedia.org/wiki/Nou_Estadi_Cast%C3%A0lia,https://www.transfermarkt.com/cd-castellon/stadion/verein/2502,
814,Solidarnost Samara Arena,,,,https://en.wikipedia.org/wiki/Solidarnost_Samara_Arena,https://www.transfermarkt.com/akron-togliatti/stadion/verein/71985,
820,Solidarnost Samara Arena,,,,https://en.wikipedia.org/wiki/Solidarnost_Samara_Arena,https://www.transfermarkt.com/krylya-sovetov-samara/stadion/verein/2696,
1019,Solitude,,,,https://en.wikipedia.org/wiki/Solitude_(football_ground),https://www.transfermarkt.com/cliftonville-fc/stadion/verein/1251/saison_id/2025,
823,Sovcombank Arena,,,,https://en.wikipedia.org/wiki/Nizhny_Novgorod_Stadium,https://www.transfermarkt.com/fk-nizhny-novgorod/stadion/verein/49702,
328,Sparta-stadion - Het Kasteel,,,,https://en.wikipedia.org/wiki/Sparta_Stadion_Het_Kasteel,https://www.transfermarkt.com/sparta-rotterdam/stadion/verein/468,
842,Spartak Stadium Bobruisk,,,,https://en.wikipedia.org/wiki/Spartak_Stadium_(Bobruisk),https://www.transfermarkt.com/belshina-bobruisk/stadion/verein/3886,
838,Spartak Stadium Mogilev,,,,https://en.wikipedia.org/wiki/Spartak_Stadium_(Mogilev),https://www.transfermarkt.com/dnepr-mogilev/stadion/verein/4394,
884,Sportclub Arena,,,,https://en.wikipedia.org/wiki/Sportclub_Arena,https://www.transfermarkt.com/sc-verl/stadion/verein/93,
916,Sportcomplex Zoudenbalch,,,,,https://www.transfermarkt.com/fc-utrecht-ii/stadion/verein/17596,
913,Sportpark De Toekomst,,,,https://en.wikipedia.org/wiki/Sportpark_De_Toekomst,https://www.transfermarkt.com/ajax-amsterdam-ii/stadion/verein/8817,
874,Sportpark Höhenberg,,,,https://en.wikipedia.org/wiki/Sportpark_H%C3%B6henberg,https://www.transfermarkt.com/fc-viktoria-koln/stadion/verein/1622,
708,Stade An de Millewisen,,,,"https://en.wikipedia.org/wiki/Strassen,_Luxembourg",https://www.transfermarkt.com/fc-una-strassen/stadion/verein/21835/saison_id/2025,
888,Stade Armand Cesari,,,,https://en.wikipedia.org/wiki/Stade_Armand-Cesari,https://www.transfermarkt.com/sc-bastia/stadion/verein/595,
900,Stade Auguste-Delaune,,,,https://en.wikipedia.org/wiki/Stade_Auguste-Delaune,https://www.transfermarkt.com/stade-reims/stadion/verein/1421,
899,Stade Bauer,,,,https://en.wikipedia.org/wiki/Stade_Bauer,https://www.transfermarkt.com/red-star-fc/stadion/verein/1154,
153,Stade Bollaert-Delelis,,,,https://en.wikipedia.org/wiki/Stade_Bollaert-Delelis,https://www.transfermarkt.com/rc-lens/stadion/verein/826,
749,Stade Fernand Weber,,,,https://en.wikipedia.org/wiki/Stade_Fernand_Weber,https://www.transfermarkt.com/fc-jeunesse-canach/stadion/verein/21465/saison_id/2025,
894,Stade Francis Le Basser,,,,https://en.wikipedia.org/wiki/Stade_Francis_Le_Basser,https://www.transfermarkt.com/stade-laval/stadion/verein/1080,
890,Stade Gabriel Montpied,,,,https://en.wikipedia.org/wiki/Stade_Gabriel-Montpied,https://www.transfermarkt.com/clermont-foot-63/stadion/verein/3524,
902,Stade Geoffroy Guichard,,,,https://en.wikipedia.org/wiki/Stade_Geoffroy-Guichard,https://www.transfermarkt.com/as-saint-etienne/stadion/verein/618,
709,Stade John Grün,,,,https://en.wikipedia.org/wiki/Bad_Mondorf,https://www.transfermarkt.com/us-mondorf-les-bains/stadion/verein/21274/saison_id/2025,
704,Stade Jos Becker,,,,https://en.wikipedia.org/wiki/Niederanven,https://www.transfermarkt.com/us-hostert/stadion/verein/21645/saison_id/2025,
340,Stade Joseph Mariën,,,,https://en.wikipedia.org/wiki/Joseph_Marien_Stadium,https://www.transfermarkt.com/royale-union-saint-gilloise/stadion/verein/3948,
703,Stade Joseph Philippart,,,,https://en.wikipedia.org/wiki/Rodange,https://www.transfermarkt.com/fc-rodange-91/stadion/verein/21803/saison_id/2025,
897,Stade Marcel Picot,,,,https://en.wikipedia.org/wiki/Stade_Marcel_Picot,https://www.transfermarkt.com/as-nancy-lorraine/stadion/verein/1159,
891,Stade Marcel Tribut,,,,https://en.wikipedia.org/wiki/Stade_Marcel-Tribut,https://www.transfermarkt.com/usl-dunkerque/stadion/verein/9202,
895,Stade Marie-Marvingt,,,,https://en.wikipedia.org/wiki/Stade_Marie-Marvingt,https://www.transfermarkt.com/le-mans-fc/stadion/verein/1164,
746,Stade Municipal de la Ville de Differdange,,,,https://en.wikipedia.org/wiki/Stade_Municipal_de_la_Ville_de_Differdange,https://www.transfermarkt.com/fc-differdingen-03/stadion/verein/11914/saison_id/2025,
901,Stade Paul Lignon,,,,https://en.wikipedia.org/wiki/Stade_Paul-Lignon,https://www.transfermarkt.com/rodez-af/stadion/verein/11273,
161,Stade Raymond-Kopa,,,,https://en.wikipedia.org/wiki/Stade_Raymond_Kopa,https://www.transfermarkt.com/sco-angers/stadion/verein/1420,
701,Stade Um Dribbel,,,,https://en.wikipedia.org/wiki/Bascharage,https://www.transfermarkt.com/un-kaerjeng-97/stadion/verein/12004/saison_id/2025,
785,Stade de France,,,,https://en.wikipedia.org/wiki/Stade_de_France,,
893,Stade de Roudourou,,,,https://en.wikipedia.org/wiki/Stade_de_Roudourou,https://www.transfermarkt.com/ea-guingamp/stadion/verein/855,
903,Stade de l'Aube,,,,https://en.wikipedia.org/wiki/Stade_de_l%27Aube,https://www.transfermarkt.com/es-troyes-ac/stadion/verein/1095,
889,Stade de la Libération,,,,https://en.wikipedia.org/wiki/Stade_de_la_Lib%C3%A9ration,https://www.transfermarkt.com/us-boulogne/stadion/verein/7042,
886,Stade de la Licorne,,,,https://en.wikipedia.org/wiki/Stade_de_la_Licorne,https://www.transfermarkt.com/amiens-sc/stadion/verein/1416,
896,Stade de la Mosson,,,,https://en.wikipedia.org/wiki/Stade_de_la_Mosson,https://www.transfermarkt.com/montpellier-hsc/stadion/verein/969,
892,Stade des Alpes,,,,https://en.wikipedia.org/wiki/Stade_des_Alpes,https://www.transfermarkt.com/grenoble-foot-38/stadion/verein/1290,
339,Stade du Pays de Charleroi,,,,https://en.wikipedia.org/wiki/Stade_du_Pays_de_Charleroi,https://www.transfermarkt.com/rsc-charleroi/stadion/verein/172,
75,Stadio Breda,,,,,https://www.transfermarkt.com/asd-alcione-milano/stadion/verein/52687/saison_id/2025,
117,Stadio Città dell’Aria,,,,https://it.wikipedia.org/wiki/Stadio_Citt%C3%A0_dell%27Aria,https://www.transfermarkt.com/guidonia-montecelio-1937-fc/stadion/verein/45894/saison_id/2025,
510,Stadio Ethnikos Achnas (Dasaki),,,,https://en.wikipedia.org/wiki/Dasaki_Stadium,https://www.transfermarkt.com/ethnikos-achnas/stadion/verein/4590,
90,Stadio Giuseppe Capozza,,,,,https://www.transfermarkt.com/casarano-calcio/stadion/verein/6089/saison_id/2025,
61,Stadio dei Marmi,,,,https://it.wikipedia.org/wiki/Stadio_dei_Marmi_(Carrara),https://www.transfermarkt.com/carrarese-calcio/stadion/verein/4159/saison_id/2025,
231,Stadion Bruk-Bet,,,,https://en.wikipedia.org/wiki/Stadion_Sportowy_Bruk-Bet_Termalica,https://www.transfermarkt.com/bruk-bet-termalica-nieciecza/stadion/verein/15906,
917,Stadion De Geusselt,,,,https://en.wikipedia.org/wiki/De_Geusselt,https://www.transfermarkt.com/mvv-maastricht/stadion/verein/384,
907,Stadion De Vijverberg,,,,https://en.wikipedia.org/wiki/De_Vijverberg,https://www.transfermarkt.com/de-graafschap-doetinchem/stadion/verein/642,
908,Stadion De Vliert,,,,https://en.wikipedia.org/wiki/De_Vliert,https://www.transfermarkt.com/fc-den-bosch/stadion/verein/404,
317,"Stadion Feyenoord De Kuip""""",,,,https://en.wikipedia.org/wiki/De_Kuip,https://www.transfermarkt.com/feyenoord-rotterdam/stadion/verein/234,
230,Stadion GOSiR,,,,https://en.wikipedia.org/wiki/Stadion_Miejski_(Gdynia),https://www.transfermarkt.com/arka-gdynia/stadion/verein/6107,
374,Stadion Juliska,,,,https://en.wikipedia.org/wiki/Stadion_Juliska,https://www.transfermarkt.com/fk-dukla-prag/stadion/verein/450,
909,Stadion Krommedijk,,,,https://en.wikipedia.org/wiki/Stadion_Krommedijk,https://www.transfermarkt.com/fc-dordrecht/stadion/verein/1455,
379,Stadion Letná,,,,https://en.wikipedia.org/wiki/Letn%C3%A1_Stadion_(Zl%C3%ADn),https://www.transfermarkt.com/fc-fastav-zlin/stadion/verein/5545,
483,Stadion Letzigrund,,,,https://en.wikipedia.org/wiki/Letzigrund,https://www.transfermarkt.com/grasshopper-club-zurich/stadion/verein/504,
804,Stadion MOSiR w Grodzisku Mazowieckim,,,,,https://www.transfermarkt.com/pogon-grodzisk-mazowiecki/stadion/verein/30998,
795,Stadion Miejski (Kraków),,,,https://en.wikipedia.org/wiki/Henryk_Reyman_Municipal_Stadium,https://www.transfermarkt.com/wisla-krakau/stadion/verein/422,
808,Stadion Miejski w Niepołomicach,,,,,https://www.transfermarkt.com/puszcza-niepolomice/stadion/verein/28893,
803,Stadion Miejski w Opolu,,,,https://en.wikipedia.org/wiki/Itaka_Arena,https://www.transfermarkt.com/odra-opole/stadion/verein/5699,
809,Stadion Miejski w Rzeszowie,,,,https://en.wikipedia.org/wiki/Stal_Rzesz%C3%B3w_Municipal_Stadium,https://www.transfermarkt.com/stal-rzeszow/stadion/verein/9510,
805,Stadion Miejski w Siedlcach,,,,,https://www.transfermarkt.com/pogon-siedlce/stadion/verein/4896,
806,Stadion Polonii Bytom,,,,,https://www.transfermarkt.com/polonia-bytom/stadion/verein/7976,
637,Stadion Rođeni,,,,https://en.wikipedia.org/wiki/Stadion_Ro%C4%91eni,https://www.transfermarkt.com/fk-velez-mostar/stadion/verein/628/saison_id/2025,
566,Stadion ViOn,,,,https://en.wikipedia.org/wiki/Mestsk%C3%BD_%C5%A1tadi%C3%B3n_Kom%C3%A1rno,https://www.transfermarkt.com/kfc-komarno/stadion/verein/32314,
877,Stadion an der Bremer Brücke,,,,https://en.wikipedia.org/wiki/Stadion_an_der_Bremer_Br%C3%BCcke,https://www.transfermarkt.com/vfl-osnabruck/stadion/verein/81,
870,Stadion an der Hafenstraße,,,,https://en.wikipedia.org/wiki/Stadion_an_der_Hafenstra%C3%9Fe,https://www.transfermarkt.com/rot-weiss-essen/stadion/verein/56,
868,Stadion der Freundschaft,,,,https://en.wikipedia.org/wiki/Stadion_der_Freundschaft_(Cottbus),https://www.transfermarkt.com/fc-energie-cottbus/stadion/verein/25,
228,Stadion im. Braci Czachorów,,,,https://en.wikipedia.org/wiki/Stadion_im._Braci_Czachor%C3%B3w,https://www.transfermarkt.com/radomiak-radom/stadion/verein/7154,
802,Stadion im. Orła Białego,,,,https://en.wikipedia.org/wiki/White_Eagle_Municipal_Stadium,https://www.transfermarkt.com/miedz-legnica/stadion/verein/8936,
798,Stadion przy ulicy Rudnowskiej,,,,,https://www.transfermarkt.com/chrobry-glogow/stadion/verein/8377,
793,Stadion Śląski,,,,https://en.wikipedia.org/wiki/Silesian_Stadium,https://www.transfermarkt.com/ruch-chorzow/stadion/verein/318,
755,Stadions Esplanade,,,,https://en.wikipedia.org/wiki/Daugavpils,https://www.transfermarkt.com/bfc-daugavpils/stadion/verein/28931/saison_id/2025,
735,Stadionul Selemet,,,,https://en.wikipedia.org/wiki/Selemet,https://www.transfermarkt.com/cf-spartanii-selemet/stadion/verein/73711/saison_id/2025,
743,Stadiumi Flamurtari,,,,https://en.wikipedia.org/wiki/Flamurtari_Stadium,https://www.transfermarkt.com/flamurtari-fc/stadion/verein/12460/saison_id/2025,
745,Stadiumi Vore,,,,https://en.wikipedia.org/wiki/Vor%C3%AB,https://www.transfermarkt.com/kf-vora/stadion/verein/45456/saison_id/2025,
1028,Stangmore Park,,,,https://en.wikipedia.org/wiki/Stangmore_Park,https://www.transfermarkt.com/dungannon-swifts/stadion/verein/21515/saison_id/2025,
1015,Stebonheath Park,,,,https://en.wikipedia.org/wiki/Stebonheath_Park,https://www.transfermarkt.com/llanelli-afc/stadion/verein/11915/saison_id/2025,
254,Stora Valla,,,,https://en.wikipedia.org/wiki/Stora_Valla,https://www.transfermarkt.com/degerfors-if/stadion/verein/3641,
264,Strandvallen,,,,https://en.wikipedia.org/wiki/Strandvallen,https://www.transfermarkt.com/mjallby-aif/stadion/verein/2719,
986,Suva Reka City Stadium,,,,https://en.wikipedia.org/wiki/FC_Ballkani,https://www.transfermarkt.com/kf-ballkani/stadion/verein/28082,
712,Ta' Qali National Stadium,,,,https://en.wikipedia.org/wiki/Ta%27_Qali_National_Stadium,https://www.transfermarkt.com/zabbar-st-patrick/stadion/verein/35832/saison_id/2025,
950,Tajonar,,,,https://en.wikipedia.org/wiki/Tajonar_Facilities,https://www.transfermarkt.com/ca-osasuna-b/stadion/verein/8516,
576,Tallaght Stadium,,,,https://en.wikipedia.org/wiki/Tallaght_Stadium,https://www.transfermarkt.com/shamrock-rovers/stadion/verein/3258,
770,Tamme Staadion,,,,https://en.wikipedia.org/wiki/Tartu,https://www.transfermarkt.com/jalgpallikool-tammeka/stadion/verein/43214/saison_id/2025,
794,Tarczyński Arena,,,,https://en.wikipedia.org/wiki/Wroc%C5%82aw_Stadium,https://www.transfermarkt.com/slask-wroclaw/stadion/verein/759,
995,Teddy Stadium,,,,https://en.wikipedia.org/wiki/Teddy_Stadium,https://www.transfermarkt.com/hapoel-jerusalem/stadion/verein/43119,
855,Tengiz Burjanadze Stadium,,,,https://en.wikipedia.org/wiki/Tengiz_Burjanadze_Stadium,https://www.transfermarkt.com/fc-dila-gori/stadion/verein/32017,
700,Terrain ZAC Klengbousbierg,,,,https://en.wikipedia.org/wiki/Bissen,https://www.transfermarkt.com/fc-atert-bissen/stadion/verein/21640/saison_id/2025,
1008,The Oval,,,,"https://en.wikipedia.org/wiki/The_Oval,_Caernarfon",https://www.transfermarkt.com/caernarfon-town/stadion/verein/22461/saison_id/2025,
1018,The Oval,,,,https://en.wikipedia.org/wiki/The_Oval_(Belfast),https://www.transfermarkt.com/glentoran-fc/stadion/verein/9026/saison_id/2025,
585,The RSC,,,,https://en.wikipedia.org/wiki/Waterford_Regional_Sports_Centre,https://www.transfermarkt.com/fc-waterford/stadion/verein/7609,
1022,The Showgrounds,,,,https://en.wikipedia.org/wiki/The_Showgrounds_(Coleraine),https://www.transfermarkt.com/coleraine-fc/stadion/verein/3831/saison_id/2025,
781,Timsah Arena,,,,https://en.wikipedia.org/wiki/Centennial_Atat%C3%BCrk_Stadium,,
389,Tivoli Stadion Tirol,,,,https://en.wikipedia.org/wiki/Tivoli_Stadion_Tirol,https://www.transfermarkt.com/wsg-tirol/stadion/verein/2446,
849,Tofiq Bahramov Stadium,,,,https://en.wikipedia.org/wiki/Tofiq_Bahramov_Republican_Stadium,https://www.transfermarkt.com/qarabag-fk/stadion/verein/10625,
577,Tolka Park,,,,https://en.wikipedia.org/wiki/Tolka_Park,https://www.transfermarkt.com/shelbourne-fc/stadion/verein/3909,
98,Tonino D'Angelo,,,,,https://www.transfermarkt.com/asd-team-altamura/stadion/verein/22408/saison_id/2025,
833,Torpedo Stadium,,,,https://en.wikipedia.org/wiki/Torpedo_Stadium_(Zhodino),https://www.transfermarkt.com/torpedo-belaz-zhodino/stadion/verein/7964,
589,Toughsheet Community Stadium,,,,https://en.wikipedia.org/wiki/Toughsheet_Community_Stadium,https://www.transfermarkt.com/bolton-wanderers/stadion/verein/355,
853,Tovuz City Stadium,,,,https://en.wikipedia.org/wiki/Tovuz_City_Stadium,https://www.transfermarkt.com/turan-tovuz/stadion/verein/9526,
613,Tsentralnyi Polissya,,,,https://en.wikipedia.org/wiki/Tsentralnyi_Stadium_(Zhytomyr),https://www.transfermarkt.com/metalist-1925-charkiw/stadion/verein/55686/saison_id/2025,
861,Tskaltubo Central Stadium,,,,,https://www.transfermarkt.com/fc-samgurali-tskaltubo/stadion/verein/29675,
105,Tullio Saleri,,,,https://en.wikipedia.org/wiki/Stadio_Tullio_Saleri,https://www.transfermarkt.com/fc-lumezzane/stadion/verein/4103/saison_id/2025,
82,Tullo Morgagni,,,,https://en.wikipedia.org/wiki/Stadio_Tullo_Morgagni,https://www.transfermarkt.com/forli-fc/stadion/verein/9816/saison_id/2025,
307,Turka Araç Muayene Kocaeli Stadyumu,,,,https://en.wikipedia.org/wiki/Kocaeli_Stadium,https://www.transfermarkt.com/kocaelispor/stadion/verein/120,
998,Turner Stadium,,,,https://en.wikipedia.org/wiki/Turner_Stadium,https://www.transfermarkt.com/hapoel-beer-sheva/stadion/verein/2976,
799,Tychy City Stadium,,,,https://en.wikipedia.org/wiki/Tychy_Municipal_Stadium,https://www.transfermarkt.com/gks-tychy/stadion/verein/1750,
68,U-Power Stadium,,,,https://it.wikipedia.org/wiki/Stadio_Brianteo,https://www.transfermarkt.com/inter-mailand-weitere/stadion/verein/41119/saison_id/2025,
434,UD Almería Stadium,,,,https://en.wikipedia.org/wiki/Power_Horse_Stadium,https://www.transfermarkt.com/ud-almeria/stadion/verein/3302,
984,Urartu Stadium,,,,https://en.wikipedia.org/wiki/Urartu_Stadium,https://www.transfermarkt.com/fc-urartu-erewan/stadion/verein/11411,
816,VEB Arena,,,,https://en.wikipedia.org/wiki/VEB_Arena,https://www.transfermarkt.com/cska-moscow/stadion/verein/2410,
818,VTB Arena,,,,https://en.wikipedia.org/wiki/VTB_Arena,https://www.transfermarkt.com/dynamo-moscow/stadion/verein/121,
465,Vejle Stadion,,,,https://en.wikipedia.org/wiki/Vejle_Stadium,https://www.transfermarkt.com/vejle-boldklub/stadion/verein/443,
432,Veltins-Arena,,,,https://en.wikipedia.org/wiki/Arena_AufSchalke,https://www.transfermarkt.com/fc-schalke-04/stadion/verein/33,
829,Vitebsky CSK,,,,https://en.wikipedia.org/wiki/Vitebsky_Central_Sport_Complex,https://www.transfermarkt.com/fk-vitebsk/stadion/verein/17959,
212,Volksparkstadion,,,,https://en.wikipedia.org/wiki/Volksparkstadion,https://www.transfermarkt.com/hamburger-sv/stadion/verein/41,
882,WIRmachenDRUCK Arena,,,,https://en.wikipedia.org/wiki/WIRmachenDRUCK_Arena,https://www.transfermarkt.com/vfb-stuttgart-ii/stadion/verein/102,
777,Wembley Stadium,,,,https://en.wikipedia.org/wiki/Wembley_Stadium,,
601,Weston Homes Stadium,,,,https://en.wikipedia.org/wiki/London_Road_Stadium,https://www.transfermarkt.com/peterborough-united/stadion/verein/1072,
631,Wiklöf Holding Arena,,,,https://en.wikipedia.org/wiki/Wikl%C3%B6f_Holding_Arena,https://www.transfermarkt.com/ifk-mariehamn/stadion/verein/6017/saison_id/2025,
881,Willy-Sachs-Stadion,,,,https://en.wikipedia.org/wiki/Sachs-Stadion,https://www.transfermarkt.com/1-fc-schweinfurt-05/stadion/verein/103,
787,Windsor Park,,,,https://en.wikipedia.org/wiki/Windsor_Park,https://www.transfermarkt.com/linfield-fc/stadion/verein/3471/saison_id/2025,
801,Władysław Król Stadium,,,,https://en.wikipedia.org/wiki/W%C5%82adys%C5%82aw_Kr%C3%B3l_Municipal_Stadium,https://www.transfermarkt.com/lks-lodz/stadion/verein/256,
905,Yanmar Stadion,,,,https://en.wikipedia.org/wiki/Yanmar_Stadion,https://www.transfermarkt.com/almere-city-fc/stadion/verein/723,
784,Yeni Ankara Stadyumu,,,,https://en.wikipedia.org/wiki/New_Ankara_Stadium,,
782,Yeni Eskişehir Stadyumu,,,,https://en.wikipedia.org/wiki/New_Eski%C5%9Fehir_Stadium,,
980,Yerevan Football Academy Stadium,,,,https://en.wikipedia.org/wiki/Yerevan_Football_Academy_Stadium,https://www.transfermarkt.com/zska-erewan/stadion/verein/46507,
847,Yevlakh City Stadium,,,,https://en.wikipedia.org/wiki/Yevlakh_City_Stadium,https://www.transfermarkt.com/karvan-yevlakh/stadion/verein/9796,
997,Yud-Alef Stadium,,,,https://en.wikipedia.org/wiki/Yud-Alef_Stadium,https://www.transfermarkt.com/fc-ashdod/stadion/verein/6105,
834,Yunost Stadium,,,,https://en.wikipedia.org/wiki/Yunost_Stadium_(Mazyr),https://www.transfermarkt.com/slavia-mozyr/stadion/verein/6423,
1062,Yusuf Ziya Öniş Stadium,,,,https://en.wikipedia.org/wiki/Yusuf_Ziya_Öniş_Stadium,https://www.transfermarkt.com/sariyer/stadion/verein/518/saison_id/2025,
518,ZTE-Aréna,,,,https://en.wikipedia.org/wiki/ZTE_Arena,https://www.transfermarkt.com/zalaegerszegi-te-fc/stadion/verein/1391,
991,Zahir Pajaziti Stadium,,,,https://en.wikipedia.org/wiki/Zahir_Pajaziti_Stadium,https://www.transfermarkt.com/fc-llapi/stadion/verein/33206,
756,Zemgales Olimpiskais centrs,,,,https://en.wikipedia.org/wiki/Zemgale_Olympic_Center,https://www.transfermarkt.com/fk-jelgava/stadion/verein/27118/saison_id/2025,
854,Zira Olympic Sport Complex,,,,https://en.wikipedia.org/wiki/Zira_Olympic_Sport_Complex_Stadium,https://www.transfermarkt.com/zira-fk/stadion/verein/46710,
812,Znicz Stadium,,,,,https://www.transfermarkt.com/znicz-pruszkow/stadion/verein/9109,
74,Zugni Tauro,,,,,https://www.transfermarkt.com/dolomiti-bellunesi/stadion/verein/91510/saison_id/2025,
487,kybunpark,,,,https://en.wikipedia.org/wiki/Kybunpark,https://www.transfermarkt.com/fc-st-gallen-1879/stadion/verein/257,
297,Çaykur Didi,,,,https://en.wikipedia.org/wiki/Rize_City_Stadium,https://www.transfermarkt.com/caykur-rizespor/stadion/verein/126,
